Insert into Users values('5D9DF45A-5872-4F3D-A849-46E0F994FB99','real@manager.com','f5bb0c8de146c67b44babbf4e6584cc0','Real',null,'ololosh',GETDATE(),'Zhitomir',null,1,'ru');
Insert into Users values('2C776D1A-2CB8-4DE0-A450-5C5328744E97','liverpool@manager.com','f5bb0c8de146c67b44babbf4e6584cc0','Liverpool',null,'ololosh',GETDATE(),'Zhitomir',null,1,'ru');

Insert into Teams values ('D52F721C-D6D9-41BF-9DF0-48837BB202E8','Real Madrid','RM','','5D9DF45A-5872-4F3D-A849-46E0F994FB99',null,'Stadium',1927,'FA00FF8D-89F8-4E1B-AB55-A1A83F1F8F8B');
Insert into Teams values ('CBF3D255-7C73-483F-90FC-7A8624573AD4','Liverpool','LIV','','2C776D1A-2CB8-4DE0-A450-5C5328744E97',null,'Stadium',1910,'BF2061D0-4230-49F0-830A-92F2C016BE38');

Insert into Players values('BA9CCC6A-F7BC-4A2B-B914-A80E1FA6AB81','Тони','Кроос',22,75,185,7,500,300,5,100,'p000029',GETDATE(),'FA00FF8D-89F8-4E1B-AB55-A1A83F1F8F8B','08E94207-3A21-4CF2-9BF1-A3795442CA68','B114C1DB-9663-4CF1-9290-1739BA6476BF','5D9DF45A-5872-4F3D-A849-46E0F994FB99','D52F721C-D6D9-41BF-9DF0-48837BB202E8');
Insert into Players values('C7ADC876-12B6-439C-8588-0BBFDA5366B1','Мирослав','Клозе',25,85,180,8,500,300,5,100,'p000030',GETDATE(),'FA00FF8D-89F8-4E1B-AB55-A1A83F1F8F8B','08E94207-3A21-4CF2-9BF1-A3795442CA68','B114C1DB-9663-4CF1-9290-1739BA6476BF','5D9DF45A-5872-4F3D-A849-46E0F994FB99','D52F721C-D6D9-41BF-9DF0-48837BB202E8');
Insert into Players values('3F3F1174-2BD7-4365-A6A4-D42010F3DDF6','Марко','Ройс',28,70,175,10,500,300,5,100,'p000031',GETDATE(),'FA00FF8D-89F8-4E1B-AB55-A1A83F1F8F8B','08E94207-3A21-4CF2-9BF1-A3795442CA68','B114C1DB-9663-4CF1-9290-1739BA6476BF','5D9DF45A-5872-4F3D-A849-46E0F994FB99','D52F721C-D6D9-41BF-9DF0-48837BB202E8');

Insert into Players values('BFDE43B4-01D2-4098-84FD-3ADDA50B39B4','Марио','Гетце',20,75,175,9,500,300,5,100,'p000032',GETDATE(),'FA00FF8D-89F8-4E1B-AB55-A1A83F1F8F8B','08E94207-3A21-4CF2-9BF1-A3795442CA68','11683223-3908-4739-BE94-EC969C6A35BB','5D9DF45A-5872-4F3D-A849-46E0F994FB99','D52F721C-D6D9-41BF-9DF0-48837BB202E8');
Insert into Players values('37C23D5F-4068-41EA-A931-8753D7C3B5E4','Месут','Езил',25,80,175,4,500,300,5,100,'p000033',GETDATE(),'FA00FF8D-89F8-4E1B-AB55-A1A83F1F8F8B','08E94207-3A21-4CF2-9BF1-A3795442CA68','11683223-3908-4739-BE94-EC969C6A35BB','5D9DF45A-5872-4F3D-A849-46E0F994FB99','D52F721C-D6D9-41BF-9DF0-48837BB202E8');
Insert into Players values('58BA2778-59BA-457D-8BE1-6F89308884A9','Томаш','Мюллер',22,80,175,6,500,300,5,100,'p000034',GETDATE(),'FA00FF8D-89F8-4E1B-AB55-A1A83F1F8F8B','08E94207-3A21-4CF2-9BF1-A3795442CA68','11683223-3908-4739-BE94-EC969C6A35BB','5D9DF45A-5872-4F3D-A849-46E0F994FB99','D52F721C-D6D9-41BF-9DF0-48837BB202E8');
Insert into Players values('21A69DAD-C068-4C90-896C-0EA767385747','Андре','Шюррле',23,80,175,5,500,300,5,100,'p000035',GETDATE(),'FA00FF8D-89F8-4E1B-AB55-A1A83F1F8F8B','08E94207-3A21-4CF2-9BF1-A3795442CA68','11683223-3908-4739-BE94-EC969C6A35BB','5D9DF45A-5872-4F3D-A849-46E0F994FB99','D52F721C-D6D9-41BF-9DF0-48837BB202E8');
Insert into Players values('21AB00FC-31F2-4C3A-9E6F-984B8A212C88','Бастиан','Швайнштайгер',19,75,175,11,500,300,5,100,'p000036',GETDATE(),'FA00FF8D-89F8-4E1B-AB55-A1A83F1F8F8B','08E94207-3A21-4CF2-9BF1-A3795442CA68','11683223-3908-4739-BE94-EC969C6A35BB','5D9DF45A-5872-4F3D-A849-46E0F994FB99','D52F721C-D6D9-41BF-9DF0-48837BB202E8');

Insert into Players values('93137F0A-EDA9-4E0E-BF8D-151A2CA19849','Маттс','Хуммельс',25,75,175,3,500,300,5,100,'p000037',GETDATE(),'FA00FF8D-89F8-4E1B-AB55-A1A83F1F8F8B','08E94207-3A21-4CF2-9BF1-A3795442CA68','51126600-164A-49BD-8C23-BB81A1D9D922','5D9DF45A-5872-4F3D-A849-46E0F994FB99','D52F721C-D6D9-41BF-9DF0-48837BB202E8');
Insert into Players values('72998E25-3B5A-4056-BEF9-F38703106A27','Крис','Янсен',23,85,195,2,500,300,5,100,'p000038',GETDATE(),'FA00FF8D-89F8-4E1B-AB55-A1A83F1F8F8B','08E94207-3A21-4CF2-9BF1-A3795442CA68','51126600-164A-49BD-8C23-BB81A1D9D922','5D9DF45A-5872-4F3D-A849-46E0F994FB99','D52F721C-D6D9-41BF-9DF0-48837BB202E8');
Insert into Players values('BDD03381-4056-4A2D-AF85-1ACE2C65B0AA','Жером','Боатенг',22,85,185,12,500,300,5,100,'p000039',GETDATE(),'FA00FF8D-89F8-4E1B-AB55-A1A83F1F8F8B','08E94207-3A21-4CF2-9BF1-A3795442CA68','51126600-164A-49BD-8C23-BB81A1D9D922','5D9DF45A-5872-4F3D-A849-46E0F994FB99','D52F721C-D6D9-41BF-9DF0-48837BB202E8');
Insert into Players values('3EC5DCE0-0D8C-4D96-802B-FCE7A07CE8EB','Пер','Мертезакер',22,85,185,13,500,300,5,100,'p000040',GETDATE(),'FA00FF8D-89F8-4E1B-AB55-A1A83F1F8F8B','08E94207-3A21-4CF2-9BF1-A3795442CA68','51126600-164A-49BD-8C23-BB81A1D9D922','5D9DF45A-5872-4F3D-A849-46E0F994FB99','D52F721C-D6D9-41BF-9DF0-48837BB202E8');
Insert into Players values('7287E6E3-D42E-4F80-80D9-1E00D897DD22','Кевин','Гросскройтц',22,85,185,14,500,300,5,100,'p000041',GETDATE(),'FA00FF8D-89F8-4E1B-AB55-A1A83F1F8F8B','08E94207-3A21-4CF2-9BF1-A3795442CA68','51126600-164A-49BD-8C23-BB81A1D9D922','5D9DF45A-5872-4F3D-A849-46E0F994FB99','D52F721C-D6D9-41BF-9DF0-48837BB202E8');

Insert into Players values('C488562C-B5A9-40BF-BB5A-380CCEA89815','Мануель','Нойер',30,85,195,1,500,300,5,100,'p000042',GETDATE(),'FA00FF8D-89F8-4E1B-AB55-A1A83F1F8F8B','08E94207-3A21-4CF2-9BF1-A3795442CA68','C7C41812-D6BA-42FE-88B5-D93965D40DD8','5D9DF45A-5872-4F3D-A849-46E0F994FB99','D52F721C-D6D9-41BF-9DF0-48837BB202E8');



Insert into Players values('D4E32700-F7CE-41F1-906E-2F8E2519E36B','Джермейн','Дефо',22,75,185,7,500,300,5,100,'p000043',GETDATE(),'BF2061D0-4230-49F0-830A-92F2C016BE38','08E94207-3A21-4CF2-9BF1-A3795442CA68','B114C1DB-9663-4CF1-9290-1739BA6476BF','2C776D1A-2CB8-4DE0-A450-5C5328744E97','CBF3D255-7C73-483F-90FC-7A8624573AD4');
Insert into Players values('F569A91B-6003-4274-9DCF-1C6B0A9AA34D','Даниэль','Старридж',25,85,180,8,500,300,5,100,'p000044',GETDATE(),'BF2061D0-4230-49F0-830A-92F2C016BE38','08E94207-3A21-4CF2-9BF1-A3795442CA68','B114C1DB-9663-4CF1-9290-1739BA6476BF','2C776D1A-2CB8-4DE0-A450-5C5328744E97','CBF3D255-7C73-483F-90FC-7A8624573AD4');
Insert into Players values('5BEDF6F4-E201-42C0-87B3-9C4F3141CD06','Данни','Уэлбек',28,70,175,10,500,300,5,100,'p000045',GETDATE(),'BF2061D0-4230-49F0-830A-92F2C016BE38','08E94207-3A21-4CF2-9BF1-A3795442CA68','B114C1DB-9663-4CF1-9290-1739BA6476BF','2C776D1A-2CB8-4DE0-A450-5C5328744E97','CBF3D255-7C73-483F-90FC-7A8624573AD4');

Insert into Players values('CBE1A0CE-95A6-4408-A4C5-503C37CAA80A','Джеймс','Милнер',20,75,175,9,500,300,5,100,'p000046',GETDATE(),'BF2061D0-4230-49F0-830A-92F2C016BE38','08E94207-3A21-4CF2-9BF1-A3795442CA68','11683223-3908-4739-BE94-EC969C6A35BB','2C776D1A-2CB8-4DE0-A450-5C5328744E97','CBF3D255-7C73-483F-90FC-7A8624573AD4');
Insert into Players values('4DCC115A-FCD0-4B54-BB72-882E9FB8FEE1','Тео','Уолкотт',25,80,175,4,500,300,5,100,'p000047',GETDATE(),'BF2061D0-4230-49F0-830A-92F2C016BE38','08E94207-3A21-4CF2-9BF1-A3795442CA68','11683223-3908-4739-BE94-EC969C6A35BB','2C776D1A-2CB8-4DE0-A450-5C5328744E97','CBF3D255-7C73-483F-90FC-7A8624573AD4');
Insert into Players values('90BAD2A6-99CD-4753-895F-1764AF7BA9F2','Джек','Уилшир',22,80,175,6,500,300,5,100,'p000048',GETDATE(),'BF2061D0-4230-49F0-830A-92F2C016BE38','08E94207-3A21-4CF2-9BF1-A3795442CA68','11683223-3908-4739-BE94-EC969C6A35BB','2C776D1A-2CB8-4DE0-A450-5C5328744E97','CBF3D255-7C73-483F-90FC-7A8624573AD4');
Insert into Players values('B7DE288E-0BF8-450D-ADD1-4065066BB6BB','Стивен','Джеррард',23,80,175,5,500,300,5,100,'p000049',GETDATE(),'BF2061D0-4230-49F0-830A-92F2C016BE38','08E94207-3A21-4CF2-9BF1-A3795442CA68','11683223-3908-4739-BE94-EC969C6A35BB','2C776D1A-2CB8-4DE0-A450-5C5328744E97','CBF3D255-7C73-483F-90FC-7A8624573AD4');
Insert into Players values('09F61EEA-0368-405E-A34C-40CF5AB393B2','Фрэнк','Лэмпард',19,75,175,11,500,300,5,100,'p000050',GETDATE(),'BF2061D0-4230-49F0-830A-92F2C016BE38','08E94207-3A21-4CF2-9BF1-A3795442CA68','11683223-3908-4739-BE94-EC969C6A35BB','2C776D1A-2CB8-4DE0-A450-5C5328744E97','CBF3D255-7C73-483F-90FC-7A8624573AD4');

Insert into Players values('1A031D33-7ABF-4ED7-B124-1820EF34F254','Фил','Джонс',25,75,175,3,500,300,5,100,'p000051',GETDATE(),'BF2061D0-4230-49F0-830A-92F2C016BE38','08E94207-3A21-4CF2-9BF1-A3795442CA68','51126600-164A-49BD-8C23-BB81A1D9D922','2C776D1A-2CB8-4DE0-A450-5C5328744E97','CBF3D255-7C73-483F-90FC-7A8624573AD4');
Insert into Players values('5582C673-1BB2-4B79-B38F-13DF0F238ED4','Кайл','Уокер',23,85,195,2,500,300,5,100,'p000052',GETDATE(),'BF2061D0-4230-49F0-830A-92F2C016BE38','08E94207-3A21-4CF2-9BF1-A3795442CA68','51126600-164A-49BD-8C23-BB81A1D9D922','2C776D1A-2CB8-4DE0-A450-5C5328744E97','CBF3D255-7C73-483F-90FC-7A8624573AD4');
Insert into Players values('AC42A4B2-748C-4437-AFE6-63119EDB69A0','Глен','Джонсон',22,85,185,12,500,300,5,100,'p000053',GETDATE(),'BF2061D0-4230-49F0-830A-92F2C016BE38','08E94207-3A21-4CF2-9BF1-A3795442CA68','51126600-164A-49BD-8C23-BB81A1D9D922','2C776D1A-2CB8-4DE0-A450-5C5328744E97','CBF3D255-7C73-483F-90FC-7A8624573AD4');
Insert into Players values('A1C966A2-512B-47DE-B0B8-3FEDE94C769B','Гари','Кэхилл',22,85,185,13,500,300,5,100,'p000054',GETDATE(),'BF2061D0-4230-49F0-830A-92F2C016BE38','08E94207-3A21-4CF2-9BF1-A3795442CA68','51126600-164A-49BD-8C23-BB81A1D9D922','2C776D1A-2CB8-4DE0-A450-5C5328744E97','CBF3D255-7C73-483F-90FC-7A8624573AD4');
Insert into Players values('656C3FFE-681F-4189-91D7-1653FA52E9DC','Эшли','Коул',22,85,185,14,500,300,5,100,'p000055',GETDATE(),'BF2061D0-4230-49F0-830A-92F2C016BE38','08E94207-3A21-4CF2-9BF1-A3795442CA68','51126600-164A-49BD-8C23-BB81A1D9D922','2C776D1A-2CB8-4DE0-A450-5C5328744E97','CBF3D255-7C73-483F-90FC-7A8624573AD4');

Insert into Players values('2AE39B4F-4A15-46C3-8091-E4C18516415E','Джо','Харт',30,85,195,1,500,300,5,100,'p000056',GETDATE(),'BF2061D0-4230-49F0-830A-92F2C016BE38','08E94207-3A21-4CF2-9BF1-A3795442CA68','C7C41812-D6BA-42FE-88B5-D93965D40DD8','2C776D1A-2CB8-4DE0-A450-5C5328744E97','CBF3D255-7C73-483F-90FC-7A8624573AD4');